idna_subject,checker_type,destination,source,tested_at,session_id
102.112.2o7.net,AVAILABILITY,domains.list,domains.list,2022-04-01 06:56:06.544186,3c8658642e71672108bb308d
102.122.2o7.net,AVAILABILITY,domains.list,domains.list,2022-04-01 06:56:12.002850,3c8658642e71672108bb308d
10xhellometro.112.2o7.net,AVAILABILITY,domains.list,domains.list,2022-04-01 06:56:15.577322,3c8658642e71672108bb308d
1105governmentinformationgroup.122.2o7.net,AVAILABILITY,domains.list,domains.list,2022-04-01 06:56:21.470808,3c8658642e71672108bb308d
112.2o7.net,AVAILABILITY,domains.list,domains.list,2022-04-01 06:56:27.348881,3c8658642e71672108bb308d
192.168.112.2o7.net,AVAILABILITY,domains.list,domains.list,2022-04-01 06:56:33.004341,3c8658642e71672108bb308d
192.168.122.2o7.net,AVAILABILITY,domains.list,domains.list,2022-04-01 06:56:39.926995,3c8658642e71672108bb308d
1und1internetag.d3.sc.omtrdc.net,AVAILABILITY,domains.list,domains.list,2022-04-01 06:56:43.736692,3c8658642e71672108bb308d
2o7.net,AVAILABILITY,domains.list,domains.list,2022-04-01 06:56:50.623100,3c8658642e71672108bb308d
3gupload.112.2o7.net,AVAILABILITY,domains.list,domains.list,2022-04-01 06:56:55.471690,3c8658642e71672108bb308d
aarp.122.2o7.net,AVAILABILITY,domains.list,domains.list,2022-04-01 06:57:00.621863,3c8658642e71672108bb308d
abcotv.hb.omtrdc.net,AVAILABILITY,domains.list,domains.list,2022-04-01 06:57:06.448695,3c8658642e71672108bb308d
acanales.sc.omtrdc.net,AVAILABILITY,domains.list,domains.list,2022-04-01 06:57:14.269334,3c8658642e71672108bb308d
acckalaharinet.112.2o7.net,AVAILABILITY,domains.list,domains.list,2022-04-01 06:57:18.989455,3c8658642e71672108bb308d
aclu.tt.omtrdc.net,AVAILABILITY,domains.list,domains.list,2022-04-01 06:57:26.837181,3c8658642e71672108bb308d
acpmagazines.112.2o7.net,AVAILABILITY,domains.list,domains.list,2022-04-01 06:57:33.259053,3c8658642e71672108bb308d
actontv.122.2o7.net,AVAILABILITY,domains.list,domains.list,2022-04-01 06:57:39.048373,3c8658642e71672108bb308d
adbrite.122.2o7.net,AVAILABILITY,domains.list,domains.list,2022-04-01 06:57:45.384863,3c8658642e71672108bb308d
adobe.tt.omtrdc.net,AVAILABILITY,domains.list,domains.list,2022-04-01 06:57:50.581699,3c8658642e71672108bb308d
adobecorp.sc.omtrdc.net,AVAILABILITY,domains.list,domains.list,2022-04-01 06:57:56.973944,3c8658642e71672108bb308d
adp.112.2o7.net,AVAILABILITY,domains.list,domains.list,2022-04-01 06:58:02.899531,3c8658642e71672108bb308d
advertisementnl.112.2o7.net,AVAILABILITY,domains.list,domains.list,2022-04-01 06:58:07.595995,3c8658642e71672108bb308d
advertisingcom.122.2o7.net,AVAILABILITY,domains.list,domains.list,2022-04-01 06:58:12.537531,3c8658642e71672108bb308d
aehistory.112.2o7.net,AVAILABILITY,domains.list,domains.list,2022-04-01 06:58:17.602331,3c8658642e71672108bb308d
aetnaaetnaprod2018.112.2o7.net,AVAILABILITY,domains.list,domains.list,2022-04-01 06:58:21.432934,3c8658642e71672108bb308d
aetv.112.2o7.net,AVAILABILITY,domains.list,domains.list,2022-04-01 06:58:26.845375,3c8658642e71672108bb308d
affargenus.112.2o7.net,AVAILABILITY,domains.list,domains.list,2022-04-01 06:58:32.870941,3c8658642e71672108bb308d
affilcrtopcolle.112.2o7.net,AVAILABILITY,domains.list,domains.list,2022-04-01 06:58:36.952571,3c8658642e71672108bb308d
agamgreetingscom.112.2o7.net,AVAILABILITY,domains.list,domains.list,2022-04-01 06:58:41.365663,3c8658642e71672108bb308d
agbmcom.112.2o7.net,AVAILABILITY,domains.list,domains.list,2022-04-01 06:58:43.691276,3c8658642e71672108bb308d
agegreetings.112.2o7.net,AVAILABILITY,domains.list,domains.list,2022-04-01 06:58:46.630430,3c8658642e71672108bb308d
agmsnag.112.2o7.net,AVAILABILITY,domains.list,domains.list,2022-04-01 06:58:50.823989,3c8658642e71672108bb308d
agwebshots.112.2o7.net,AVAILABILITY,domains.list,domains.list,2022-04-01 06:58:55.499497,3c8658642e71672108bb308d
agyahooag.112.2o7.net,AVAILABILITY,domains.list,domains.list,2022-04-01 06:59:00.824494,3c8658642e71672108bb308d
ajinomoto.d1.sc.omtrdc.net,AVAILABILITY,domains.list,domains.list,2022-04-01 06:59:05.198072,3c8658642e71672108bb308d
albanytimesunion.122.2o7.net,AVAILABILITY,domains.list,domains.list,2022-04-01 06:59:08.368299,3c8658642e71672108bb308d
alchemyworldwide.tt.omtrdc.net,AVAILABILITY,domains.list,domains.list,2022-04-01 06:59:10.927579,3c8658642e71672108bb308d
allbritton.122.2o7.net,AVAILABILITY,domains.list,domains.list,2022-04-01 06:59:15.161177,3c8658642e71672108bb308d
amadeus.d2.sc.omtrdc.net,AVAILABILITY,domains.list,domains.list,2022-04-01 06:59:19.201105,3c8658642e71672108bb308d
amazoncustomerservice.d2.sc.omtrdc.net,AVAILABILITY,domains.list,domains.list,2022-04-01 06:59:21.835400,3c8658642e71672108bb308d
amazonmerchants.122.2o7.net,AVAILABILITY,domains.list,domains.list,2022-04-01 06:59:26.177118,3c8658642e71672108bb308d
amazonservices.122.2o7.net,AVAILABILITY,domains.list,domains.list,2022-04-01 06:59:30.442554,3c8658642e71672108bb308d
amazonshopbop.122.2o7.net,AVAILABILITY,domains.list,domains.list,2022-04-01 06:59:35.769186,3c8658642e71672108bb308d
amazonwebservices.d2.sc.omtrdc.net,AVAILABILITY,domains.list,domains.list,2022-04-01 06:59:38.186642,3c8658642e71672108bb308d
amazonwebservicesinc.tt.omtrdc.net,AVAILABILITY,domains.list,domains.list,2022-04-01 06:59:41.199513,3c8658642e71672108bb308d
amazonwebstore.122.2o7.net,AVAILABILITY,domains.list,domains.list,2022-04-01 06:59:44.697365,3c8658642e71672108bb308d
amcglobal.sc.omtrdc.net,AVAILABILITY,domains.list,domains.list,2022-04-01 06:59:49.890679,3c8658642e71672108bb308d
amdvtest.112.2o7.net,AVAILABILITY,domains.list,domains.list,2022-04-01 06:59:55.290316,3c8658642e71672108bb308d
americaneagleoutfitt.tt.omtrdc.net,AVAILABILITY,domains.list,domains.list,2022-04-01 07:00:01.166623,3c8658642e71672108bb308d
ameritradeamerivest.112.2o7.net,AVAILABILITY,domains.list,domains.list,2022-04-01 07:00:06.143407,3c8658642e71672108bb308d
ameritradeogilvy.112.2o7.net,AVAILABILITY,domains.list,domains.list,2022-04-01 07:00:10.553965,3c8658642e71672108bb308d
amexopenprod.122.2o7.net,AVAILABILITY,domains.list,domains.list,2022-04-01 07:00:13.221893,3c8658642e71672108bb308d
amznshopbop.122.2o7.net,AVAILABILITY,domains.list,domains.list,2022-04-01 07:00:17.645342,3c8658642e71672108bb308d
angiba.112.2o7.net,AVAILABILITY,domains.list,domains.list,2022-04-01 07:00:24.069376,3c8658642e71672108bb308d
angieslist.tt.omtrdc.net,AVAILABILITY,domains.list,domains.list,2022-04-01 07:00:28.241050,3c8658642e71672108bb308d
angmar.112.2o7.net,AVAILABILITY,domains.list,domains.list,2022-04-01 07:00:32.855056,3c8658642e71672108bb308d
angmil.112.2o7.net,AVAILABILITY,domains.list,domains.list,2022-04-01 07:00:37.097788,3c8658642e71672108bb308d
angpar.112.2o7.net,AVAILABILITY,domains.list,domains.list,2022-04-01 07:00:40.444289,3c8658642e71672108bb308d
aolbks.122.2o7.net,AVAILABILITY,domains.list,domains.list,2022-04-01 07:00:45.883708,3c8658642e71672108bb308d
aolcamember.122.2o7.net,AVAILABILITY,domains.list,domains.list,2022-04-01 07:00:50.340439,3c8658642e71672108bb308d
aolcg.122.2o7.net,AVAILABILITY,domains.list,domains.list,2022-04-01 07:00:54.844064,3c8658642e71672108bb308d
aolcmp.122.2o7.net,AVAILABILITY,domains.list,domains.list,2022-04-01 07:01:00.598529,3c8658642e71672108bb308d
aolcommem.122.2o7.net,AVAILABILITY,domains.list,domains.list,2022-04-01 07:01:06.824369,3c8658642e71672108bb308d
aolcommvid.122.2o7.net,AVAILABILITY,domains.list,domains.list,2022-04-01 07:01:11.215809,3c8658642e71672108bb308d
aolcsmen.122.2o7.net,AVAILABILITY,domains.list,domains.list,2022-04-01 07:01:14.121797,3c8658642e71672108bb308d
aoldlama.122.2o7.net,AVAILABILITY,domains.list,domains.list,2022-04-01 07:01:18.681614,3c8658642e71672108bb308d
aoldrambuie.122.2o7.net,AVAILABILITY,domains.list,domains.list,2022-04-01 07:01:23.298750,3c8658642e71672108bb308d
aolgam.122.2o7.net,AVAILABILITY,domains.list,domains.list,2022-04-01 07:01:28.887667,3c8658642e71672108bb308d
aolgamedaily.122.2o7.net,AVAILABILITY,domains.list,domains.list,2022-04-01 07:01:32.448687,3c8658642e71672108bb308d
aoljournals.122.2o7.net,AVAILABILITY,domains.list,domains.list,2022-04-01 07:01:36.252124,3c8658642e71672108bb308d
aollatblog.122.2o7.net,AVAILABILITY,domains.list,domains.list,2022-04-01 07:01:42.177468,3c8658642e71672108bb308d
aollove.122.2o7.net,AVAILABILITY,domains.list,domains.list,2022-04-01 07:01:46.471576,3c8658642e71672108bb308d
aolmov.122.2o7.net,AVAILABILITY,domains.list,domains.list,2022-04-01 07:01:49.064111,3c8658642e71672108bb308d
aolmus.122.2o7.net,AVAILABILITY,domains.list,domains.list,2022-04-01 07:01:51.721762,3c8658642e71672108bb308d
aolnews.122.2o7.net,AVAILABILITY,domains.list,domains.list,2022-04-01 07:01:57.124215,3c8658642e71672108bb308d
aolnssearch.122.2o7.net,AVAILABILITY,domains.list,domains.list,2022-04-01 07:02:02.286298,3c8658642e71672108bb308d
aolpf.122.2o7.net,AVAILABILITY,domains.list,domains.list,2022-04-01 07:02:08.817857,3c8658642e71672108bb308d
aolpolls.122.2o7.net,AVAILABILITY,domains.list,domains.list,2022-04-01 07:02:13.294058,3c8658642e71672108bb308d
aolsearch.122.2o7.net,AVAILABILITY,domains.list,domains.list,2022-04-01 07:02:18.304185,3c8658642e71672108bb308d
aolshred.122.2o7.net,AVAILABILITY,domains.list,domains.list,2022-04-01 07:02:22.941650,3c8658642e71672108bb308d
aolsports.122.2o7.net,AVAILABILITY,domains.list,domains.list,2022-04-01 07:02:29.469371,3c8658642e71672108bb308d
aolstylist.122.2o7.net,AVAILABILITY,domains.list,domains.list,2022-04-01 07:02:34.564807,3c8658642e71672108bb308d
aolsvc.122.2o7.net,AVAILABILITY,domains.list,domains.list,2022-04-01 07:02:39.799795,3c8658642e71672108bb308d
aolswitch.122.2o7.net,AVAILABILITY,domains.list,domains.list,2022-04-01 07:02:46.434999,3c8658642e71672108bb308d
aoltmz.122.2o7.net,AVAILABILITY,domains.list,domains.list,2022-04-01 07:02:52.326318,3c8658642e71672108bb308d
aoltruveo.122.2o7.net,AVAILABILITY,domains.list,domains.list,2022-04-01 07:02:56.352365,3c8658642e71672108bb308d
aolturnercnnmoney.122.2o7.net,AVAILABILITY,domains.list,domains.list,2022-04-01 07:03:00.725884,3c8658642e71672108bb308d
aolturnersi.122.2o7.net,AVAILABILITY,domains.list,domains.list,2022-04-01 07:03:07.341104,3c8658642e71672108bb308d
aoluk.122.2o7.net,AVAILABILITY,domains.list,domains.list,2022-04-01 07:03:11.489755,3c8658642e71672108bb308d
aolvideo.122.2o7.net,AVAILABILITY,domains.list,domains.list,2022-04-01 07:03:17.154990,3c8658642e71672108bb308d
aolwbautoblog.122.2o7.net,AVAILABILITY,domains.list,domains.list,2022-04-01 07:03:21.603363,3c8658642e71672108bb308d
aolwbcinema.122.2o7.net,AVAILABILITY,domains.list,domains.list,2022-04-01 07:03:27.874949,3c8658642e71672108bb308d
aolwbdnlsq.122.2o7.net,AVAILABILITY,domains.list,domains.list,2022-04-01 07:03:34.549833,3c8658642e71672108bb308d
aolwbengadget.122.2o7.net,AVAILABILITY,domains.list,domains.list,2022-04-01 07:03:41.389985,3c8658642e71672108bb308d
aolwbgadling.122.2o7.net,AVAILABILITY,domains.list,domains.list,2022-04-01 07:03:46.477542,3c8658642e71672108bb308d
aolwbluxist.122.2o7.net,AVAILABILITY,domains.list,domains.list,2022-04-01 07:03:51.689928,3c8658642e71672108bb308d
aolwbpspfboy.122.2o7.net,AVAILABILITY,domains.list,domains.list,2022-04-01 07:03:55.782612,3c8658642e71672108bb308d
aolwbtvsq.122.2o7.net,AVAILABILITY,domains.list,domains.list,2022-04-01 07:04:01.324574,3c8658642e71672108bb308d
aolwbwowinsd.122.2o7.net,AVAILABILITY,domains.list,domains.list,2022-04-01 07:04:08.162876,3c8658642e71672108bb308d
aolwinamp.122.2o7.net,AVAILABILITY,domains.list,domains.list,2022-04-01 07:04:14.728974,3c8658642e71672108bb308d
aolwpmq.122.2o7.net,AVAILABILITY,domains.list,domains.list,2022-04-01 07:04:20.943200,3c8658642e71672108bb308d
aolwpnscom.122.2o7.net,AVAILABILITY,domains.list,domains.list,2022-04-01 07:04:26.182016,3c8658642e71672108bb308d
aolwpnswhatsnew.112.2o7.net,AVAILABILITY,domains.list,domains.list,2022-04-01 07:04:30.424553,3c8658642e71672108bb308d
aolyedda.122.2o7.net,AVAILABILITY,domains.list,domains.list,2022-04-01 07:04:33.704226,3c8658642e71672108bb308d
aoncomprod.122.2o7.net,AVAILABILITY,domains.list,domains.list,2022-04-01 07:04:37.694100,3c8658642e71672108bb308d
apdigitalorg.112.2o7.net,AVAILABILITY,domains.list,domains.list,2022-04-01 07:04:42.911436,3c8658642e71672108bb308d
apdigitalorgovn.112.2o7.net,AVAILABILITY,domains.list,domains.list,2022-04-01 07:04:47.239672,3c8658642e71672108bb308d
apnonline.112.2o7.net,AVAILABILITY,domains.list,domains.list,2022-04-01 07:04:52.040005,3c8658642e71672108bb308d
aporg.112.2o7.net,AVAILABILITY,domains.list,domains.list,2022-04-01 07:04:58.365254,3c8658642e71672108bb308d
ariba.112.2o7.net,AVAILABILITY,domains.list,domains.list,2022-04-01 07:05:01.296891,3c8658642e71672108bb308d
arthurmiddletoncapit.tt.omtrdc.net,AVAILABILITY,domains.list,domains.list,2022-04-01 07:05:10.394000,3c8658642e71672108bb308d
asadventure.tt.omtrdc.net,AVAILABILITY,domains.list,domains.list,2022-04-01 07:05:14.975016,3c8658642e71672108bb308d
asco.d2.sc.omtrdc.net,AVAILABILITY,domains.list,domains.list,2022-04-01 07:05:21.113382,3c8658642e71672108bb308d
associatedcontent.112.2o7.net,AVAILABILITY,domains.list,domains.list,2022-04-01 07:05:26.256656,3c8658642e71672108bb308d
atlanticmedia.122.2o7.net,AVAILABILITY,domains.list,domains.list,2022-04-01 07:05:31.602231,3c8658642e71672108bb308d
atlassian.122.2o7.net,AVAILABILITY,domains.list,domains.list,2022-04-01 07:05:35.682584,3c8658642e71672108bb308d
audible.112.2o7.net,AVAILABILITY,domains.list,domains.list,2022-04-01 07:05:40.563433,3c8658642e71672108bb308d
aumo123usedcarscom.112.2o7.net,AVAILABILITY,domains.list,domains.list,2022-04-01 07:05:45.688742,3c8658642e71672108bb308d
aumoautomobilemagcom.112.2o7.net,AVAILABILITY,domains.list,domains.list,2022-04-01 07:05:49.192980,3c8658642e71672108bb308d
aumoautomotivecom.112.2o7.net,AVAILABILITY,domains.list,domains.list,2022-04-01 07:05:53.632329,3c8658642e71672108bb308d
aumoautomotivectl.112.2o7.net,AVAILABILITY,domains.list,domains.list,2022-04-01 07:05:59.899991,3c8658642e71672108bb308d
aumocarsbelowinvoice.112.2o7.net,AVAILABILITY,domains.list,domains.list,2022-04-01 07:06:04.951362,3c8658642e71672108bb308d
aumointernetautoguidecom.112.2o7.net,AVAILABILITY,domains.list,domains.list,2022-04-01 07:06:10.331308,3c8658642e71672108bb308d
aumomotortrend.112.2o7.net,AVAILABILITY,domains.list,domains.list,2022-04-01 07:06:15.870694,3c8658642e71672108bb308d
aumonewcarcom.112.2o7.net,AVAILABILITY,domains.list,domains.list,2022-04-01 07:06:20.061244,3c8658642e71672108bb308d
aumotradeinvaluecom.112.2o7.net,AVAILABILITY,domains.list,domains.list,2022-04-01 07:06:26.280123,3c8658642e71672108bb308d
australianewzealandb.tt.omtrdc.net,AVAILABILITY,domains.list,domains.list,2022-04-01 07:06:31.030377,3c8658642e71672108bb308d
autoanythingcom.112.2o7.net,AVAILABILITY,domains.list,domains.list,2022-04-01 07:06:36.916003,3c8658642e71672108bb308d
autobytel.112.2o7.net,AVAILABILITY,domains.list,domains.list,2022-04-01 07:06:42.298013,3c8658642e71672108bb308d
autobytelcorppopup.112.2o7.net,AVAILABILITY,domains.list,domains.list,2022-04-01 07:06:46.902431,3c8658642e71672108bb308d
autocarcomprod.112.2o7.net,AVAILABILITY,domains.list,domains.list,2022-04-01 07:06:52.264947,3c8658642e71672108bb308d
autodesk.tt.omtrdc.net,AVAILABILITY,domains.list,domains.list,2022-04-01 07:06:56.200192,3c8658642e71672108bb308d
autoscout24.112.2o7.net,AVAILABILITY,domains.list,domains.list,2022-04-01 07:07:00.509425,3c8658642e71672108bb308d
autoweb.112.2o7.net,AVAILABILITY,domains.list,domains.list,2022-04-01 07:07:05.863836,3c8658642e71672108bb308d
avgtechnologies.112.2o7.net,AVAILABILITY,domains.list,domains.list,2022-04-01 07:07:09.230974,3c8658642e71672108bb308d
aviraoperations.d3.sc.omtrdc.net,AVAILABILITY,domains.list,domains.list,2022-04-01 07:07:11.194188,3c8658642e71672108bb308d
aviva.112.2o7.net,AVAILABILITY,domains.list,domains.list,2022-04-01 07:07:15.497896,3c8658642e71672108bb308d
avon.112.2o7.net,AVAILABILITY,domains.list,domains.list,2022-04-01 07:07:19.923728,3c8658642e71672108bb308d
awarenesstech.122.2o7.net,AVAILABILITY,domains.list,domains.list,2022-04-01 07:07:22.506606,3c8658642e71672108bb308d
babycentercom.112.2o7.net,AVAILABILITY,domains.list,domains.list,2022-04-01 07:07:25.448232,3c8658642e71672108bb308d
bankrate.112.2o7.net,AVAILABILITY,domains.list,domains.list,2022-04-01 07:07:28.867498,3c8658642e71672108bb308d
bankwest.112.2o7.net,AVAILABILITY,domains.list,domains.list,2022-04-01 07:07:30.942027,3c8658642e71672108bb308d
bbc.112.2o7.net,AVAILABILITY,domains.list,domains.list,2022-04-01 07:07:34.838857,3c8658642e71672108bb308d
bbg.d1.sc.omtrdc.net,AVAILABILITY,domains.list,domains.list,2022-04-01 07:07:37.071593,3c8658642e71672108bb308d
bbg.sc.omtrdc.net,AVAILABILITY,domains.list,domains.list,2022-04-01 07:07:41.050344,3c8658642e71672108bb308d
bbvacolombia.sc.omtrdc.net,AVAILABILITY,domains.list,domains.list,2022-04-01 07:07:45.270151,3c8658642e71672108bb308d
bcbsks.com.102.112.2o7.net,AVAILABILITY,domains.list,domains.list,2022-04-01 07:07:48.420593,3c8658642e71672108bb308d
bellglobemediapublishing.122.2o7.net,AVAILABILITY,domains.list,domains.list,2022-04-01 07:07:52.890313,3c8658642e71672108bb308d
belointeractive.122.2o7.net,AVAILABILITY,domains.list,domains.list,2022-04-01 07:07:56.785361,3c8658642e71672108bb308d
bertelwissenprod.122.2o7.net,AVAILABILITY,domains.list,domains.list,2022-04-01 07:07:59.179328,3c8658642e71672108bb308d
bet.122.2o7.net,AVAILABILITY,domains.list,domains.list,2022-04-01 07:08:02.226908,3c8658642e71672108bb308d
betterhg.112.2o7.net,AVAILABILITY,domains.list,domains.list,2022-04-01 07:08:06.580793,3c8658642e71672108bb308d
bhgdiabeticliving.112.2o7.net,AVAILABILITY,domains.list,domains.list,2022-04-01 07:08:09.733895,3c8658642e71672108bb308d
bhgdiy.112.2o7.net,AVAILABILITY,domains.list,domains.list,2022-04-01 07:08:13.365445,3c8658642e71672108bb308d
bhgkitchenbath.112.2o7.net,AVAILABILITY,domains.list,domains.list,2022-04-01 07:08:16.369410,3c8658642e71672108bb308d
bhgquilting.112.2o7.net,AVAILABILITY,domains.list,domains.list,2022-04-01 07:08:18.559092,3c8658642e71672108bb308d
bhgremodel.112.2o7.net,AVAILABILITY,domains.list,domains.list,2022-04-01 07:08:21.578236,3c8658642e71672108bb308d
bhgscrap.112.2o7.net,AVAILABILITY,domains.list,domains.list,2022-04-01 07:08:25.725713,3c8658642e71672108bb308d
bigpond.122.2o7.net,AVAILABILITY,domains.list,domains.list,2022-04-01 07:08:30.243836,3c8658642e71672108bb308d
bitdrive.112.2o7.net,AVAILABILITY,domains.list,domains.list,2022-04-01 07:08:35.197500,3c8658642e71672108bb308d
bizjournals.112.2o7.net,AVAILABILITY,domains.list,domains.list,2022-04-01 07:08:39.521966,3c8658642e71672108bb308d
blethenmaine.112.2o7.net,AVAILABILITY,domains.list,domains.list,2022-04-01 07:08:43.077399,3c8658642e71672108bb308d
bmwmoter.122.2o7.net,AVAILABILITY,domains.list,domains.list,2022-04-01 07:08:46.559284,3c8658642e71672108bb308d
bnk30livejs.112.2o7.net,AVAILABILITY,domains.list,domains.list,2022-04-01 07:08:50.400297,3c8658642e71672108bb308d
bnkholic.112.2o7.net,AVAILABILITY,domains.list,domains.list,2022-04-01 07:08:52.562607,3c8658642e71672108bb308d
bnkicomv2.112.2o7.net,AVAILABILITY,domains.list,domains.list,2022-04-01 07:08:55.803485,3c8658642e71672108bb308d
bnkr8dev.112.2o7.net,AVAILABILITY,domains.list,domains.list,2022-04-01 07:08:59.698140,3c8658642e71672108bb308d
bonintnewsktarcom.112.2o7.net,AVAILABILITY,domains.list,domains.list,2022-04-01 07:09:03.675781,3c8658642e71672108bb308d
bonneville.112.2o7.net,AVAILABILITY,domains.list,domains.list,2022-04-01 07:09:07.211378,3c8658642e71672108bb308d
bonniercorp.122.2o7.net,AVAILABILITY,domains.list,domains.list,2022-04-01 07:09:10.490688,3c8658642e71672108bb308d
boostmobile.112.2o7.net,AVAILABILITY,domains.list,domains.list,2022-04-01 07:09:15.222534,3c8658642e71672108bb308d
borders.112.2o7.net,AVAILABILITY,domains.list,domains.list,2022-04-01 07:09:18.996358,3c8658642e71672108bb308d
boscovs.com.ssl.sc.omtrdc.net,AVAILABILITY,domains.list,domains.list,2022-04-01 07:09:22.132848,3c8658642e71672108bb308d
bostoncommonpress.112.2o7.net,AVAILABILITY,domains.list,domains.list,2022-04-01 07:09:24.571463,3c8658642e71672108bb308d
bostonscientificcorporation.112.2o7.net,AVAILABILITY,domains.list,domains.list,2022-04-01 07:09:27.996528,3c8658642e71672108bb308d
brangista.122.2o7.net,AVAILABILITY,domains.list,domains.list,2022-04-01 07:09:30.193883,3c8658642e71672108bb308d
brightcove.112.2o7.net,AVAILABILITY,domains.list,domains.list,2022-04-01 07:09:32.198387,3c8658642e71672108bb308d
brighthouse.122.2o7.net,AVAILABILITY,domains.list,domains.list,2022-04-01 07:09:34.591914,3c8658642e71672108bb308d
britishskybroadcasti.tt.omtrdc.net,AVAILABILITY,domains.list,domains.list,2022-04-01 07:09:38.068548,3c8658642e71672108bb308d
bruceclay.112.2o7.net,AVAILABILITY,domains.list,domains.list,2022-04-01 07:09:42.343645,3c8658642e71672108bb308d
btbusiness.d1.sc.omtrdc.net,AVAILABILITY,domains.list,domains.list,2022-04-01 07:09:46.768716,3c8658642e71672108bb308d
btbusiness.tt.omtrdc.net,AVAILABILITY,domains.list,domains.list,2022-04-01 07:09:49.086633,3c8658642e71672108bb308d
btcom.112.2o7.net,AVAILABILITY,domains.list,domains.list,2022-04-01 07:09:52.492252,3c8658642e71672108bb308d
btigspresalessandt.112.2o7.net,AVAILABILITY,domains.list,domains.list,2022-04-01 07:09:56.621902,3c8658642e71672108bb308d
budgetcarhire.112.2o7.net,AVAILABILITY,domains.list,domains.list,2022-04-01 07:09:59.249844,3c8658642e71672108bb308d
builderonlinecom.112.2o7.net,AVAILABILITY,domains.list,domains.list,2022-04-01 07:10:05.332223,3c8658642e71672108bb308d
businessweekpoc.112.2o7.net,AVAILABILITY,domains.list,domains.list,2022-04-01 07:10:08.030900,3c8658642e71672108bb308d
buycom.122.2o7.net,AVAILABILITY,domains.list,domains.list,2022-04-01 07:10:11.724184,3c8658642e71672108bb308d
buzzfeed.d1.sc.omtrdc.net,AVAILABILITY,domains.list,domains.list,2022-04-01 07:10:15.223179,3c8658642e71672108bb308d
buzznet.112.2o7.net,AVAILABILITY,domains.list,domains.list,2022-04-01 07:10:18.271762,3c8658642e71672108bb308d
byutv.d1.sc.omtrdc.net,AVAILABILITY,domains.list,domains.list,2022-04-01 07:10:22.327079,3c8658642e71672108bb308d
cafemom.d2.sc.omtrdc.net,AVAILABILITY,domains.list,domains.list,2022-04-01 07:10:24.693349,3c8658642e71672108bb308d
canadapost.112.2o7.net,AVAILABILITY,domains.list,domains.list,2022-04-01 07:10:29.635476,3c8658642e71672108bb308d
cancalgary.112.2o7.net,AVAILABILITY,domains.list,domains.list,2022-04-01 07:10:33.209430,3c8658642e71672108bb308d
cancertreatmente.tt.omtrdc.net,AVAILABILITY,domains.list,domains.list,2022-04-01 07:10:38.254389,3c8658642e71672108bb308d
canfaceoff.112.2o7.net,AVAILABILITY,domains.list,domains.list,2022-04-01 07:10:41.990976,3c8658642e71672108bb308d
canfinancialpost.112.2o7.net,AVAILABILITY,domains.list,domains.list,2022-04-01 07:10:47.298956,3c8658642e71672108bb308d
cannationalpost.112.2o7.net,AVAILABILITY,domains.list,domains.list,2022-04-01 07:10:50.419604,3c8658642e71672108bb308d
canoe.112.2o7.net,AVAILABILITY,domains.list,domains.list,2022-04-01 07:10:54.591902,3c8658642e71672108bb308d
canottowa.112.2o7.net,AVAILABILITY,domains.list,domains.list,2022-04-01 07:11:00.442915,3c8658642e71672108bb308d
canshowcase.112.2o7.net,AVAILABILITY,domains.list,domains.list,2022-04-01 07:11:06.269243,3c8658642e71672108bb308d
cantire.122.2o7.net,AVAILABILITY,domains.list,domains.list,2022-04-01 07:12:10.522090,3c8658642e71672108bb308d
canwest.112.2o7.net,AVAILABILITY,domains.list,domains.list,2022-04-01 07:12:14.736365,3c8658642e71672108bb308d
canwestglobal.112.2o7.net,AVAILABILITY,domains.list,domains.list,2022-04-01 07:12:17.537039,3c8658642e71672108bb308d
capcityadvcom.112.2o7.net,AVAILABILITY,domains.list,domains.list,2022-04-01 07:12:21.310546,3c8658642e71672108bb308d
capecodonlinecom.112.2o7.net,AVAILABILITY,domains.list,domains.list,2022-04-01 07:12:26.591966,3c8658642e71672108bb308d
capella.122.2o7.net,AVAILABILITY,domains.list,domains.list,2022-04-01 07:12:29.943647,3c8658642e71672108bb308d
carbonite.tt.omtrdc.net,AVAILABILITY,domains.list,domains.list,2022-04-01 07:12:32.607322,3c8658642e71672108bb308d
care2.112.2o7.net,AVAILABILITY,domains.list,domains.list,2022-04-01 07:12:35.700707,3c8658642e71672108bb308d
carfax.112.2o7.net,AVAILABILITY,domains.list,domains.list,2022-04-01 07:12:39.517906,3c8658642e71672108bb308d
carlsonradisson.112.2o7.net,AVAILABILITY,domains.list,domains.list,2022-04-01 07:12:41.358902,3c8658642e71672108bb308d
cartoonnetwork.122.2o7.net,AVAILABILITY,domains.list,domains.list,2022-04-01 07:12:43.605547,3c8658642e71672108bb308d
cba.122.2o7.net,AVAILABILITY,domains.list,domains.list,2022-04-01 07:12:46.452761,3c8658642e71672108bb308d
cbc.122.2o7.net,AVAILABILITY,domains.list,domains.list,2022-04-01 07:12:49.550899,3c8658642e71672108bb308d
cbcnewmedia.112.2o7.net,AVAILABILITY,domains.list,domains.list,2022-04-01 07:12:53.272779,3c8658642e71672108bb308d
cbglobal.112.2o7.net,AVAILABILITY,domains.list,domains.list,2022-04-01 07:12:56.906507,3c8658642e71672108bb308d
cbmsn.112.2o7.net,AVAILABILITY,domains.list,domains.list,2022-04-01 07:13:01.218329,3c8658642e71672108bb308d
cbs.112.2o7.net,AVAILABILITY,domains.list,domains.list,2022-04-01 07:13:03.984564,3c8658642e71672108bb308d
cbscom.112.2o7.net,AVAILABILITY,domains.list,domains.list,2022-04-01 07:13:07.290088,3c8658642e71672108bb308d
cbsdigitalmedia.112.2o7.net,AVAILABILITY,domains.list,domains.list,2022-04-01 07:13:10.237085,3c8658642e71672108bb308d
cbsinteractive.hb.omtrdc.net,AVAILABILITY,domains.list,domains.list,2022-04-01 07:13:13.632938,3c8658642e71672108bb308d
cbsnfl.112.2o7.net,AVAILABILITY,domains.list,domains.list,2022-04-01 07:13:16.091446,3c8658642e71672108bb308d
cbspgatour.112.2o7.net,AVAILABILITY,domains.list,domains.list,2022-04-01 07:13:19.151113,3c8658642e71672108bb308d
cbsspln.112.2o7.net,AVAILABILITY,domains.list,domains.list,2022-04-01 07:13:22.649950,3c8658642e71672108bb308d
cbstelevisiondistribution.112.2o7.net,AVAILABILITY,domains.list,domains.list,2022-04-01 07:13:26.291667,3c8658642e71672108bb308d
cbtnuggets.tt.omtrdc.net,AVAILABILITY,domains.list,domains.list,2022-04-01 07:13:30.749326,3c8658642e71672108bb308d
ccrgaviscom.112.2o7.net,AVAILABILITY,domains.list,domains.list,2022-04-01 07:13:33.946312,3c8658642e71672108bb308d
cdc.112.2o7.net,AVAILABILITY,domains.list,domains.list,2022-04-01 07:13:37.485781,3c8658642e71672108bb308d
cdn.tt.omtrdc.net,AVAILABILITY,domains.list,domains.list,2022-04-01 07:13:41.391022,3c8658642e71672108bb308d
cengagecsinfosec.112.2o7.net,AVAILABILITY,domains.list,domains.list,2022-04-01 07:13:44.179128,3c8658642e71672108bb308d
centricabritishgas.d3.sc.omtrdc.net,AVAILABILITY,domains.list,domains.list,2022-04-01 07:13:48.757760,3c8658642e71672108bb308d
cfr.112.2o7.net,AVAILABILITY,domains.list,domains.list,2022-04-01 07:13:52.530934,3c8658642e71672108bb308d
chacha.112.2o7.net,AVAILABILITY,domains.list,domains.list,2022-04-01 07:13:55.730273,3c8658642e71672108bb308d
channel4.com.ssl.sc.omtrdc.net,AVAILABILITY,domains.list,domains.list,2022-04-01 07:13:59.169137,3c8658642e71672108bb308d
chchoice.112.2o7.net,AVAILABILITY,domains.list,domains.list,2022-04-01 07:14:03.600053,3c8658642e71672108bb308d
chghowardjohnson.112.2o7.net,AVAILABILITY,domains.list,domains.list,2022-04-01 07:14:07.326083,3c8658642e71672108bb308d
chgsupereight.112.2o7.net,AVAILABILITY,domains.list,domains.list,2022-04-01 07:14:10.985100,3c8658642e71672108bb308d
chgwyndham.112.2o7.net,AVAILABILITY,domains.list,domains.list,2022-04-01 07:14:15.517464,3c8658642e71672108bb308d
chicagosuntimes.122.2o7.net,AVAILABILITY,domains.list,domains.list,2022-04-01 07:14:18.625535,3c8658642e71672108bb308d
christianbroadcastne.tt.omtrdc.net,AVAILABILITY,domains.list,domains.list,2022-04-01 07:14:23.490449,3c8658642e71672108bb308d
christianscience.tt.omtrdc.net,AVAILABILITY,domains.list,domains.list,2022-04-01 07:14:26.817437,3c8658642e71672108bb308d
chumtv.122.2o7.net,AVAILABILITY,domains.list,domains.list,2022-04-01 07:14:30.626734,3c8658642e71672108bb308d
ciaocom.122.2o7.net,AVAILABILITY,domains.list,domains.list,2022-04-01 07:14:34.292583,3c8658642e71672108bb308d
ciaoshopcouk.122.2o7.net,AVAILABILITY,domains.list,domains.list,2022-04-01 07:14:38.564443,3c8658642e71672108bb308d
ciaoshopit.122.2o7.net,AVAILABILITY,domains.list,domains.list,2022-04-01 07:14:44.320708,3c8658642e71672108bb308d
cisco.112.2o7.net,AVAILABILITY,domains.list,domains.list,2022-04-01 07:14:49.858745,3c8658642e71672108bb308d
cisco.sc.omtrdc.net,AVAILABILITY,domains.list,domains.list,2022-04-01 07:14:52.882639,3c8658642e71672108bb308d
ciscolearningnetwork.tt.omtrdc.net,AVAILABILITY,domains.list,domains.list,2022-04-01 07:14:57.582551,3c8658642e71672108bb308d
ciscowebex.112.2o7.net,AVAILABILITY,domains.list,domains.list,2022-04-01 07:14:59.770083,3c8658642e71672108bb308d
citimobile.d2.sc.omtrdc.net,AVAILABILITY,domains.list,domains.list,2022-04-01 07:15:02.458580,3c8658642e71672108bb308d
classicvacations.112.2o7.net,AVAILABILITY,domains.list,domains.list,2022-04-01 07:15:06.578304,3c8658642e71672108bb308d
classmatescom.112.2o7.net,AVAILABILITY,domains.list,domains.list,2022-04-01 07:15:10.884191,3c8658642e71672108bb308d
clubmed.112.2o7.net,AVAILABILITY,domains.list,domains.list,2022-04-01 07:15:15.261050,3c8658642e71672108bb308d
clubmom.122.2o7.net,AVAILABILITY,domains.list,domains.list,2022-04-01 07:15:18.682606,3c8658642e71672108bb308d
cmp.112.2o7.net,AVAILABILITY,domains.list,domains.list,2022-04-01 07:15:22.954485,3c8658642e71672108bb308d
cmpdotnetjunkiescom.112.2o7.net,AVAILABILITY,domains.list,domains.list,2022-04-01 07:15:25.087190,3c8658642e71672108bb308d
cmpglobalvista.112.2o7.net,AVAILABILITY,domains.list,domains.list,2022-04-01 07:15:31.126167,3c8658642e71672108bb308d
cmpmedica.112.2o7.net,AVAILABILITY,domains.list,domains.list,2022-04-01 07:15:34.193745,3c8658642e71672108bb308d
cmtvia.112.2o7.net,AVAILABILITY,domains.list,domains.list,2022-04-01 07:15:37.992015,3c8658642e71672108bb308d
cnetasiapacific.122.2o7.net,AVAILABILITY,domains.list,domains.list,2022-04-01 07:15:42.126439,3c8658642e71672108bb308d
cnetaustralia.122.2o7.net,AVAILABILITY,domains.list,domains.list,2022-04-01 07:15:47.312620,3c8658642e71672108bb308d
cneteurope.122.2o7.net,AVAILABILITY,domains.list,domains.list,2022-04-01 07:15:51.640342,3c8658642e71672108bb308d
cnetjapan.122.2o7.net,AVAILABILITY,domains.list,domains.list,2022-04-01 07:15:55.566517,3c8658642e71672108bb308d
cnetnews.112.2o7.net,AVAILABILITY,domains.list,domains.list,2022-04-01 07:15:59.596533,3c8658642e71672108bb308d
cnettech.112.2o7.net,AVAILABILITY,domains.list,domains.list,2022-04-01 07:16:03.271384,3c8658642e71672108bb308d
cnetzdnet.112.2o7.net,AVAILABILITY,domains.list,domains.list,2022-04-01 07:16:08.610411,3c8658642e71672108bb308d
cnheagletribune.112.2o7.net,AVAILABILITY,domains.list,domains.list,2022-04-01 07:16:12.239045,3c8658642e71672108bb308d
cnhiautovertical.122.2o7.net,AVAILABILITY,domains.list,domains.list,2022-04-01 07:16:15.169256,3c8658642e71672108bb308d
cnhibatesvilleheraldtribune.122.2o7.net,AVAILABILITY,domains.list,domains.list,2022-04-01 07:16:19.457051,3c8658642e71672108bb308d
cnhibdtonline.122.2o7.net,AVAILABILITY,domains.list,domains.list,2022-04-01 07:16:24.763174,3c8658642e71672108bb308d
cnhicrossvillechronicle.122.2o7.net,AVAILABILITY,domains.list,domains.list,2022-04-01 07:16:27.582861,3c8658642e71672108bb308d
cnhidailyindependent.122.2o7.net,AVAILABILITY,domains.list,domains.list,2022-04-01 07:16:32.662876,3c8658642e71672108bb308d
cnhieagletribune.122.2o7.net,AVAILABILITY,domains.list,domains.list,2022-04-01 07:16:38.213111,3c8658642e71672108bb308d
cnhienid.122.2o7.net,AVAILABILITY,domains.list,domains.list,2022-04-01 07:16:44.975751,3c8658642e71672108bb308d
cnhijohnstown.122.2o7.net,AVAILABILITY,domains.list,domains.list,2022-04-01 07:16:51.551929,3c8658642e71672108bb308d
cnhijoplinglobe.122.2o7.net,AVAILABILITY,domains.list,domains.list,2022-04-01 07:16:56.377962,3c8658642e71672108bb308d
cnhinewscourier.122.2o7.net,AVAILABILITY,domains.list,domains.list,2022-04-01 07:16:59.572365,3c8658642e71672108bb308d
cnhinewsservicedev.122.2o7.net,AVAILABILITY,domains.list,domains.list,2022-04-01 07:17:05.862703,3c8658642e71672108bb308d
cnhirecordeagle.122.2o7.net,AVAILABILITY,domains.list,domains.list,2022-04-01 07:17:09.475349,3c8658642e71672108bb308d
cnn.122.2o7.net,AVAILABILITY,domains.list,domains.list,2022-04-01 07:17:14.718542,3c8658642e71672108bb308d
cnnglobal.122.2o7.net,AVAILABILITY,domains.list,domains.list,2022-04-01 07:17:21.362977,3c8658642e71672108bb308d
cnnireport.122.2o7.net,AVAILABILITY,domains.list,domains.list,2022-04-01 07:17:25.874594,3c8658642e71672108bb308d
cnocanoecaprod.112.2o7.net,AVAILABILITY,domains.list,domains.list,2022-04-01 07:17:31.245735,3c8658642e71672108bb308d
cnoompprod.112.2o7.net,AVAILABILITY,domains.list,domains.list,2022-04-01 07:17:36.010498,3c8658642e71672108bb308d
comcast.tt.omtrdc.net,AVAILABILITY,domains.list,domains.list,2022-04-01 07:17:42.630662,3c8658642e71672108bb308d
comcastresidentialservices.tt.omtrdc.net,AVAILABILITY,domains.list,domains.list,2022-04-01 07:17:45.354085,3c8658642e71672108bb308d
computerworldcom.112.2o7.net,AVAILABILITY,domains.list,domains.list,2022-04-01 07:17:51.378768,3c8658642e71672108bb308d
comvelgmbh.d1.sc.omtrdc.net,AVAILABILITY,domains.list,domains.list,2022-04-01 07:17:56.793610,3c8658642e71672108bb308d
condeconsumermarketing.112.2o7.net,AVAILABILITY,domains.list,domains.list,2022-04-01 07:18:03.471577,3c8658642e71672108bb308d
condenast.112.2o7.net,AVAILABILITY,domains.list,domains.list,2022-04-01 07:18:09.174285,3c8658642e71672108bb308d
condenast.insight.omtrdc.net,AVAILABILITY,domains.list,domains.list,2022-04-01 07:18:25.065267,3c8658642e71672108bb308d
conpst.112.2o7.net,AVAILABILITY,domains.list,domains.list,2022-04-01 07:18:30.453270,3c8658642e71672108bb308d
constantcontact.tt.omtrdc.net,AVAILABILITY,domains.list,domains.list,2022-04-01 07:18:35.104872,3c8658642e71672108bb308d
consumerinfo.tt.omtrdc.net,AVAILABILITY,domains.list,domains.list,2022-04-01 07:18:39.201376,3c8658642e71672108bb308d
consumerreports.tt.omtrdc.net,AVAILABILITY,domains.list,domains.list,2022-04-01 07:18:42.679156,3c8658642e71672108bb308d
cookingcom.112.2o7.net,AVAILABILITY,domains.list,domains.list,2022-04-01 07:18:45.505546,3c8658642e71672108bb308d
corelcom.112.2o7.net,AVAILABILITY,domains.list,domains.list,2022-04-01 07:18:47.433943,3c8658642e71672108bb308d
coreluk.112.2o7.net,AVAILABILITY,domains.list,domains.list,2022-04-01 07:18:49.811520,3c8658642e71672108bb308d
corinthiancolleges.112.2o7.net,AVAILABILITY,domains.list,domains.list,2022-04-01 07:18:52.692394,3c8658642e71672108bb308d
costargroup.112.2o7.net,AVAILABILITY,domains.list,domains.list,2022-04-01 07:18:57.545940,3c8658642e71672108bb308d
couhome.112.2o7.net,AVAILABILITY,domains.list,domains.list,2022-04-01 07:19:00.947534,3c8658642e71672108bb308d
couponchief.122.2o7.net,AVAILABILITY,domains.list,domains.list,2022-04-01 07:19:04.302402,3c8658642e71672108bb308d
coxhsi.112.2o7.net,AVAILABILITY,domains.list,domains.list,2022-04-01 07:19:07.712289,3c8658642e71672108bb308d
coxnet.112.2o7.net,AVAILABILITY,domains.list,domains.list,2022-04-01 07:19:10.466216,3c8658642e71672108bb308d
coxnetmasterglobal.112.2o7.net,AVAILABILITY,domains.list,domains.list,2022-04-01 07:19:15.044910,3c8658642e71672108bb308d
cpusall.112.2o7.net,AVAILABILITY,domains.list,domains.list,2022-04-01 07:19:18.692828,3c8658642e71672108bb308d
crain.d1.sc.omtrdc.net,AVAILABILITY,domains.list,domains.list,2022-04-01 07:19:21.862739,3c8658642e71672108bb308d
createthegroup.122.2o7.net,AVAILABILITY,domains.list,domains.list,2022-04-01 07:19:24.775652,3c8658642e71672108bb308d
creditagricole.tt.omtrdc.net,AVAILABILITY,domains.list,domains.list,2022-04-01 07:19:30.174212,3c8658642e71672108bb308d
creditcardscom.112.2o7.net,AVAILABILITY,domains.list,domains.list,2022-04-01 07:19:34.354034,3c8658642e71672108bb308d
cri.d1.sc.omtrdc.net,AVAILABILITY,domains.list,domains.list,2022-04-01 07:19:36.868419,3c8658642e71672108bb308d
cruisecritic.112.2o7.net,AVAILABILITY,domains.list,domains.list,2022-04-01 07:19:39.605175,3c8658642e71672108bb308d
csoonlinecom.112.2o7.net,AVAILABILITY,domains.list,domains.list,2022-04-01 07:19:41.658291,3c8658642e71672108bb308d
ctvcrimelibrary.112.2o7.net,AVAILABILITY,domains.list,domains.list,2022-04-01 07:19:46.868091,3c8658642e71672108bb308d
ctvmaincom.112.2o7.net,AVAILABILITY,domains.list,domains.list,2022-04-01 07:19:50.769735,3c8658642e71672108bb308d
ctvsmokinggun.112.2o7.net,AVAILABILITY,domains.list,domains.list,2022-04-01 07:19:52.621514,3c8658642e71672108bb308d
ctvtsgtv.112.2o7.net,AVAILABILITY,domains.list,domains.list,2022-04-01 07:19:54.269098,3c8658642e71672108bb308d
cunda.d3.sc.omtrdc.net,AVAILABILITY,domains.list,domains.list,2022-04-01 07:19:57.849875,3c8658642e71672108bb308d
cwnetworkmparticle.112.2o7.net,AVAILABILITY,domains.list,domains.list,2022-04-01 07:20:01.344792,3c8658642e71672108bb308d
cwportal.112.2o7.net,AVAILABILITY,domains.list,domains.list,2022-04-01 07:20:06.467827,3c8658642e71672108bb308d
cxociocom.112.2o7.net,AVAILABILITY,domains.list,domains.list,2022-04-01 07:20:08.355893,3c8658642e71672108bb308d
cxocomdev.112.2o7.net,AVAILABILITY,domains.list,domains.list,2022-04-01 07:20:12.772441,3c8658642e71672108bb308d
cyberagent.122.2o7.net,AVAILABILITY,domains.list,domains.list,2022-04-01 07:20:17.950913,3c8658642e71672108bb308d
cyberdefender.122.2o7.net,AVAILABILITY,domains.list,domains.list,2022-04-01 07:20:22.374739,3c8658642e71672108bb308d
dailyheraldpaddockpublication.112.2o7.net,AVAILABILITY,domains.list,domains.list,2022-04-01 07:20:25.838053,3c8658642e71672108bb308d
daimlerag.122.2o7.net,AVAILABILITY,domains.list,domains.list,2022-04-01 07:20:30.813413,3c8658642e71672108bb308d
daimlerag.d2.sc.omtrdc.net,AVAILABILITY,domains.list,domains.list,2022-04-01 07:20:36.572230,3c8658642e71672108bb308d
dardenrestaurants.112.2o7.net,AVAILABILITY,domains.list,domains.list,2022-04-01 07:20:41.144820,3c8658642e71672108bb308d
dealnews.122.2o7.net,AVAILABILITY,domains.list,domains.list,2022-04-01 07:20:46.149352,3c8658642e71672108bb308d
delightful.112.2o7.net,AVAILABILITY,domains.list,domains.list,2022-04-01 07:20:50.880655,3c8658642e71672108bb308d
dellinc.tt.omtrdc.net,AVAILABILITY,domains.list,domains.list,2022-04-01 07:20:54.472263,3c8658642e71672108bb308d
deloitte.122.2o7.net,AVAILABILITY,domains.list,domains.list,2022-04-01 07:21:00.242649,3c8658642e71672108bb308d
delphicom.112.2o7.net,AVAILABILITY,domains.list,domains.list,2022-04-01 07:21:05.226706,3c8658642e71672108bb308d
dennispublishing.112.2o7.net,AVAILABILITY,domains.list,domains.list,2022-04-01 07:21:08.643187,3c8658642e71672108bb308d
denverpost.112.2o7.net,AVAILABILITY,domains.list,domains.list,2022-04-01 07:21:12.208435,3c8658642e71672108bb308d
deseretdigitalmedia.tt.omtrdc.net,AVAILABILITY,domains.list,domains.list,2022-04-01 07:21:15.995087,3c8658642e71672108bb308d
deseretnews.112.2o7.net,AVAILABILITY,domains.list,domains.list,2022-04-01 07:21:17.657920,3c8658642e71672108bb308d
developjapan.122.2o7.net,AVAILABILITY,domains.list,domains.list,2022-04-01 07:21:20.845153,3c8658642e71672108bb308d
dexdexprod.112.2o7.net,AVAILABILITY,domains.list,domains.list,2022-04-01 07:21:22.910547,3c8658642e71672108bb308d
dgag.112.2o7.net,AVAILABILITY,domains.list,domains.list,2022-04-01 07:21:28.377150,3c8658642e71672108bb308d
dillards.112.2o7.net,AVAILABILITY,domains.list,domains.list,2022-04-01 07:21:32.047702,3c8658642e71672108bb308d
directtv.tt.omtrdc.net,AVAILABILITY,domains.list,domains.list,2022-04-01 07:21:37.450970,3c8658642e71672108bb308d
dis.d1.sc.omtrdc.net,AVAILABILITY,domains.list,domains.list,2022-04-01 07:21:42.696453,3c8658642e71672108bb308d
discovercard.112.2o7.net,AVAILABILITY,domains.list,domains.list,2022-04-01 07:21:45.790631,3c8658642e71672108bb308d
disneyinternational.hb.omtrdc.net,AVAILABILITY,domains.list,domains.list,2022-04-01 07:21:50.664685,3c8658642e71672108bb308d
divx.112.2o7.net,AVAILABILITY,domains.list,domains.list,2022-04-01 07:21:55.232061,3c8658642e71672108bb308d
dixonscouk.112.2o7.net,AVAILABILITY,domains.list,domains.list,2022-04-01 07:21:57.879076,3c8658642e71672108bb308d
dmcontactmanagement.122.2o7.net,AVAILABILITY,domains.list,domains.list,2022-04-01 07:22:02.680710,3c8658642e71672108bb308d
dmvguidecom.112.2o7.net,AVAILABILITY,domains.list,domains.list,2022-04-01 07:22:07.998050,3c8658642e71672108bb308d
doctorsassociatesrx.112.2o7.net,AVAILABILITY,domains.list,domains.list,2022-04-01 07:22:11.764722,3c8658642e71672108bb308d
dominionenterprises.112.2o7.net,AVAILABILITY,domains.list,domains.list,2022-04-01 07:22:15.672305,3c8658642e71672108bb308d
dotster.112.2o7.net,AVAILABILITY,domains.list,domains.list,2022-04-01 07:22:19.540076,3c8658642e71672108bb308d
dotsterdomaincom.112.2o7.net,AVAILABILITY,domains.list,domains.list,2022-04-01 07:22:21.996332,3c8658642e71672108bb308d
dotsterdotsteraug08.112.2o7.net,AVAILABILITY,domains.list,domains.list,2022-04-01 07:22:26.008034,3c8658642e71672108bb308d
dreamhome.112.2o7.net,AVAILABILITY,domains.list,domains.list,2022-04-01 07:22:30.379669,3c8658642e71672108bb308d
duluthtrading.tt.omtrdc.net,AVAILABILITY,domains.list,domains.list,2022-04-01 07:22:33.197997,3c8658642e71672108bb308d
dummy.112.2o7.net,AVAILABILITY,domains.list,domains.list,2022-04-01 07:22:37.810773,3c8658642e71672108bb308d
dunandbradstreet.122.2o7.net,AVAILABILITY,domains.list,domains.list,2022-04-01 07:22:42.716180,3c8658642e71672108bb308d
eaeacom.112.2o7.net,AVAILABILITY,domains.list,domains.list,2022-04-01 07:22:47.831207,3c8658642e71672108bb308d
eagamesuk.112.2o7.net,AVAILABILITY,domains.list,domains.list,2022-04-01 07:22:52.223461,3c8658642e71672108bb308d
eaglemiles.112.2o7.net,AVAILABILITY,domains.list,domains.list,2022-04-01 07:22:57.864613,3c8658642e71672108bb308d
eapogocom.112.2o7.net,AVAILABILITY,domains.list,domains.list,2022-04-01 07:23:02.658551,3c8658642e71672108bb308d
earthlink.122.2o7.net,AVAILABILITY,domains.list,domains.list,2022-04-01 07:23:08.198993,3c8658642e71672108bb308d
earthlnkpsplive.122.2o7.net,AVAILABILITY,domains.list,domains.list,2022-04-01 07:23:13.358126,3c8658642e71672108bb308d
edietsmain.112.2o7.net,AVAILABILITY,domains.list,domains.list,2022-04-01 07:23:17.322612,3c8658642e71672108bb308d
edmunds.112.2o7.net,AVAILABILITY,domains.list,domains.list,2022-04-01 07:23:20.959519,3c8658642e71672108bb308d
edsa.122.2o7.net,AVAILABILITY,domains.list,domains.list,2022-04-01 07:23:27.317534,3c8658642e71672108bb308d
educationmanagementl.tt.omtrdc.net,AVAILABILITY,domains.list,domains.list,2022-04-01 07:23:31.004939,3c8658642e71672108bb308d
educationmanagementllc.112.2o7.net,AVAILABILITY,domains.list,domains.list,2022-04-01 07:23:35.182723,3c8658642e71672108bb308d
efashionsolutions.122.2o7.net,AVAILABILITY,domains.list,domains.list,2022-04-01 07:23:41.327752,3c8658642e71672108bb308d
ehadvicedev.112.2o7.net,AVAILABILITY,domains.list,domains.list,2022-04-01 07:23:48.372572,3c8658642e71672108bb308d
eharmony.112.2o7.net,AVAILABILITY,domains.list,domains.list,2022-04-01 07:23:52.542901,3c8658642e71672108bb308d
eharmony.tt.omtrdc.net,AVAILABILITY,domains.list,domains.list,2022-04-01 07:23:57.327630,3c8658642e71672108bb308d
ehealthinsurance.tt.omtrdc.net,AVAILABILITY,domains.list,domains.list,2022-04-01 07:24:04.847805,3c8658642e71672108bb308d
eleconomista.d1.sc.omtrdc.net,AVAILABILITY,domains.list,domains.list,2022-04-01 07:24:10.875999,3c8658642e71672108bb308d
electronicarts.112.2o7.net,AVAILABILITY,domains.list,domains.list,2022-04-01 07:24:19.339206,3c8658642e71672108bb308d
elkjop.112.2o7.net,AVAILABILITY,domains.list,domains.list,2022-04-01 07:24:26.947103,3c8658642e71672108bb308d
eloqua.122.2o7.net,AVAILABILITY,domains.list,domains.list,2022-04-01 07:24:33.127111,3c8658642e71672108bb308d
eluniversalmx.sc.omtrdc.net,AVAILABILITY,domains.list,domains.list,2022-04-01 07:24:38.394922,3c8658642e71672108bb308d
emc.122.2o7.net,AVAILABILITY,domains.list,domains.list,2022-04-01 07:24:44.275865,3c8658642e71672108bb308d
enterprisemediagroup.112.2o7.net,AVAILABILITY,domains.list,domains.list,2022-04-01 07:24:50.789805,3c8658642e71672108bb308d
entrepreneur.122.2o7.net,AVAILABILITY,domains.list,domains.list,2022-04-01 07:24:56.375314,3c8658642e71672108bb308d
entrepreneurpoc.122.2o7.net,AVAILABILITY,domains.list,domains.list,2022-04-01 07:25:02.626305,3c8658642e71672108bb308d
epebuild.112.2o7.net,AVAILABILITY,domains.list,domains.list,2022-04-01 07:25:07.837546,3c8658642e71672108bb308d
eplans.112.2o7.net,AVAILABILITY,domains.list,domains.list,2022-04-01 07:25:14.130770,3c8658642e71672108bb308d
eremedia.112.2o7.net,AVAILABILITY,domains.list,domains.list,2022-04-01 07:25:20.416812,3c8658642e71672108bb308d
eset.122.2o7.net,AVAILABILITY,domains.list,domains.list,2022-04-01 07:25:26.710939,3c8658642e71672108bb308d
espndotcom.tt.omtrdc.net,AVAILABILITY,domains.list,domains.list,2022-04-01 07:25:31.412332,3c8658642e71672108bb308d
eucpviveusaprod.112.2o7.net,AVAILABILITY,domains.list,domains.list,2022-04-01 07:25:36.594308,3c8658642e71672108bb308d
eurostar.122.2o7.net,AVAILABILITY,domains.list,domains.list,2022-04-01 07:25:41.570614,3c8658642e71672108bb308d
eventbrite.122.2o7.net,AVAILABILITY,domains.list,domains.list,2022-04-01 07:25:46.008866,3c8658642e71672108bb308d
evepdaggiesports.112.2o7.net,AVAILABILITY,domains.list,domains.list,2022-04-01 07:25:49.449339,3c8658642e71672108bb308d
evepdaikencom.112.2o7.net,AVAILABILITY,domains.list,domains.list,2022-04-01 07:25:52.353268,3c8658642e71672108bb308d
evepdbrazossports.112.2o7.net,AVAILABILITY,domains.list,domains.list,2022-04-01 07:25:56.792109,3c8658642e71672108bb308d
evepdcharleston.112.2o7.net,AVAILABILITY,domains.list,domains.list,2022-04-01 07:26:01.719214,3c8658642e71672108bb308d
evepdeagledev.112.2o7.net,AVAILABILITY,domains.list,domains.list,2022-04-01 07:26:05.169441,3c8658642e71672108bb308d
ewsabilene.112.2o7.net,AVAILABILITY,domains.list,domains.list,2022-04-01 07:26:09.930668,3c8658642e71672108bb308d
ewscorpuschristi.112.2o7.net,AVAILABILITY,domains.list,domains.list,2022-04-01 07:26:14.451668,3c8658642e71672108bb308d
ewscripps.112.2o7.net,AVAILABILITY,domains.list,domains.list,2022-04-01 07:26:18.646379,3c8658642e71672108bb308d
ewsmemphis.112.2o7.net,AVAILABILITY,domains.list,domains.list,2022-04-01 07:26:22.929375,3c8658642e71672108bb308d
ewsnaples.112.2o7.net,AVAILABILITY,domains.list,domains.list,2022-04-01 07:26:26.821540,3c8658642e71672108bb308d
ewsventura.112.2o7.net,AVAILABILITY,domains.list,domains.list,2022-04-01 07:26:31.123608,3c8658642e71672108bb308d
examinercom.122.2o7.net,AVAILABILITY,domains.list,domains.list,2022-04-01 07:26:37.119138,3c8658642e71672108bb308d
expedia1.112.2o7.net,AVAILABILITY,domains.list,domains.list,2022-04-01 07:26:43.175034,3c8658642e71672108bb308d
expedia6vt.112.2o7.net,AVAILABILITY,domains.list,domains.list,2022-04-01 07:26:47.565156,3c8658642e71672108bb308d
expedia8.112.2o7.net,AVAILABILITY,domains.list,domains.list,2022-04-01 07:26:52.356890,3c8658642e71672108bb308d
experianservicescorp.122.2o7.net,AVAILABILITY,domains.list,domains.list,2022-04-01 07:28:20.433387,3c8658642e71672108bb308d
expertsexchange.112.2o7.net,AVAILABILITY,domains.list,domains.list,2022-04-01 07:28:23.404501,3c8658642e71672108bb308d
extrovert.122.2o7.net,AVAILABILITY,domains.list,domains.list,2022-04-01 07:28:26.829888,3c8658642e71672108bb308d
ezgds.112.2o7.net,AVAILABILITY,domains.list,domains.list,2022-04-01 07:28:29.921999,3c8658642e71672108bb308d
f2communitynews.112.2o7.net,AVAILABILITY,domains.list,domains.list,2022-04-01 07:28:31.918978,3c8658642e71672108bb308d
f2nbt.112.2o7.net,AVAILABILITY,domains.list,domains.list,2022-04-01 07:28:35.102464,3c8658642e71672108bb308d
f2network.112.2o7.net,AVAILABILITY,domains.list,domains.list,2022-04-01 07:28:37.899293,3c8658642e71672108bb308d
f2nmycareer.112.2o7.net,AVAILABILITY,domains.list,domains.list,2022-04-01 07:28:41.058981,3c8658642e71672108bb308d
f2nsmh.112.2o7.net,AVAILABILITY,domains.list,domains.list,2022-04-01 07:28:43.700841,3c8658642e71672108bb308d
f2ntheage.112.2o7.net,AVAILABILITY,domains.list,domains.list,2022-04-01 07:28:46.147279,3c8658642e71672108bb308d
facebookinc.122.2o7.net,AVAILABILITY,domains.list,domains.list,2022-04-01 07:28:49.007600,3c8658642e71672108bb308d
factiva.122.2o7.net,AVAILABILITY,domains.list,domains.list,2022-04-01 07:28:51.857298,3c8658642e71672108bb308d
fairfaxau.d1.sc.omtrdc.net,AVAILABILITY,domains.list,domains.list,2022-04-01 07:28:56.203242,3c8658642e71672108bb308d
fanatics.112.2o7.net,AVAILABILITY,domains.list,domains.list,2022-04-01 07:28:59.214750,3c8658642e71672108bb308d
farecastcom.122.2o7.net,AVAILABILITY,domains.list,domains.list,2022-04-01 07:29:03.468261,3c8658642e71672108bb308d
fbfredericksburgcom.112.2o7.net,AVAILABILITY,domains.list,domains.list,2022-04-01 07:29:06.524703,3c8658642e71672108bb308d
figlobal.112.2o7.net,AVAILABILITY,domains.list,domains.list,2022-04-01 07:29:10.255244,3c8658642e71672108bb308d
fim.122.2o7.net,AVAILABILITY,domains.list,domains.list,2022-04-01 07:29:12.865353,3c8658642e71672108bb308d
flipkart.d1.sc.omtrdc.net,AVAILABILITY,domains.list,domains.list,2022-04-01 07:29:15.889487,3c8658642e71672108bb308d
flyingmag.com.122.2o7.net,AVAILABILITY,domains.list,domains.list,2022-04-01 07:29:18.480309,3c8658642e71672108bb308d
ford.112.2o7.net,AVAILABILITY,domains.list,domains.list,2022-04-01 07:29:21.430944,3c8658642e71672108bb308d
foxamw.112.2o7.net,AVAILABILITY,domains.list,domains.list,2022-04-01 07:29:24.922491,3c8658642e71672108bb308d
foxcom.112.2o7.net,AVAILABILITY,domains.list,domains.list,2022-04-01 07:29:28.547584,3c8658642e71672108bb308d
foxidol.112.2o7.net,AVAILABILITY,domains.list,domains.list,2022-04-01 07:29:31.256505,3c8658642e71672108bb308d
foxinteractivemedia.122.2o7.net,AVAILABILITY,domains.list,domains.list,2022-04-01 07:29:34.003520,3c8658642e71672108bb308d
foxnews.tt.omtrdc.net,AVAILABILITY,domains.list,domains.list,2022-04-01 07:29:37.300078,3c8658642e71672108bb308d
furniturecom.112.2o7.net,AVAILABILITY,domains.list,domains.list,2022-04-01 07:29:39.248742,3c8658642e71672108bb308d
furnlevitz.112.2o7.net,AVAILABILITY,domains.list,domains.list,2022-04-01 07:29:43.111893,3c8658642e71672108bb308d
fusetv.112.2o7.net,AVAILABILITY,domains.list,domains.list,2022-04-01 07:29:45.607095,3c8658642e71672108bb308d
g2.112.2o7.net,AVAILABILITY,domains.list,domains.list,2022-04-01 07:29:48.398906,3c8658642e71672108bb308d
gap.112.2o7.net,AVAILABILITY,domains.list,domains.list,2022-04-01 07:29:51.737048,3c8658642e71672108bb308d
gatehousemedia.122.2o7.net,AVAILABILITY,domains.list,domains.list,2022-04-01 07:29:55.115010,3c8658642e71672108bb308d
gateway.122.2o7.net,AVAILABILITY,domains.list,domains.list,2022-04-01 07:29:59.033915,3c8658642e71672108bb308d
genetree.112.2o7.net,AVAILABILITY,domains.list,domains.list,2022-04-01 07:30:00.867578,3c8658642e71672108bb308d
geosign.112.2o7.net,AVAILABILITY,domains.list,domains.list,2022-04-01 07:30:03.220670,3c8658642e71672108bb308d
gifastcompanycom.112.2o7.net,AVAILABILITY,domains.list,domains.list,2022-04-01 07:30:06.508338,3c8658642e71672108bb308d
giftscom.122.2o7.net,AVAILABILITY,domains.list,domains.list,2022-04-01 07:30:08.192705,3c8658642e71672108bb308d
gigamon.sc.omtrdc.net,AVAILABILITY,domains.list,domains.list,2022-04-01 07:30:11.318414,3c8658642e71672108bb308d
gigamon.tt.omtrdc.net,AVAILABILITY,domains.list,domains.list,2022-04-01 07:30:14.552032,3c8658642e71672108bb308d
gjfastcompanycom.112.2o7.net,AVAILABILITY,domains.list,domains.list,2022-04-01 07:30:17.880382,3c8658642e71672108bb308d
gjincscobleizer.112.2o7.net,AVAILABILITY,domains.list,domains.list,2022-04-01 07:30:22.462407,3c8658642e71672108bb308d
gmglobalt3sites.112.2o7.net,AVAILABILITY,domains.list,domains.list,2022-04-01 07:30:27.115346,3c8658642e71672108bb308d
gmgmacfs.112.2o7.net,AVAILABILITY,domains.list,domains.list,2022-04-01 07:30:29.719554,3c8658642e71672108bb308d
gmgmacmortgage.112.2o7.net,AVAILABILITY,domains.list,domains.list,2022-04-01 07:30:32.636607,3c8658642e71672108bb308d
gmgmcom.112.2o7.net,AVAILABILITY,domains.list,domains.list,2022-04-01 07:30:37.434915,3c8658642e71672108bb308d
gmgoodwrench.112.2o7.net,AVAILABILITY,domains.list,domains.list,2022-04-01 07:30:39.434529,3c8658642e71672108bb308d
gmgoodwrenchdmaprod.112.2o7.net,AVAILABILITY,domains.list,domains.list,2022-04-01 07:30:42.424189,3c8658642e71672108bb308d
gntbcstglobal.112.2o7.net,AVAILABILITY,domains.list,domains.list,2022-04-01 07:30:46.434927,3c8658642e71672108bb308d
gntbcstkare.112.2o7.net,AVAILABILITY,domains.list,domains.list,2022-04-01 07:30:48.424899,3c8658642e71672108bb308d
gntbcstksdk.112.2o7.net,AVAILABILITY,domains.list,domains.list,2022-04-01 07:30:52.366831,3c8658642e71672108bb308d
gntbcstkthv.112.2o7.net,AVAILABILITY,domains.list,domains.list,2022-04-01 07:30:55.461839,3c8658642e71672108bb308d
gntbcstkusa.112.2o7.net,AVAILABILITY,domains.list,domains.list,2022-04-01 07:30:59.323443,3c8658642e71672108bb308d
gntbcstkxtv.112.2o7.net,AVAILABILITY,domains.list,domains.list,2022-04-01 07:31:01.587043,3c8658642e71672108bb308d
gntbcstwbir.112.2o7.net,AVAILABILITY,domains.list,domains.list,2022-04-01 07:31:05.654520,3c8658642e71672108bb308d
gntbcstwcsh.112.2o7.net,AVAILABILITY,domains.list,domains.list,2022-04-01 07:31:08.394168,3c8658642e71672108bb308d
gntbcstwfmy.112.2o7.net,AVAILABILITY,domains.list,domains.list,2022-04-01 07:31:11.618461,3c8658642e71672108bb308d
gntbcstwkyc.112.2o7.net,AVAILABILITY,domains.list,domains.list,2022-04-01 07:31:13.446816,3c8658642e71672108bb308d
gntbcstwlbz.112.2o7.net,AVAILABILITY,domains.list,domains.list,2022-04-01 07:31:15.473887,3c8658642e71672108bb308d
gntbcstwltx.112.2o7.net,AVAILABILITY,domains.list,domains.list,2022-04-01 07:31:18.444924,3c8658642e71672108bb308d
gntbcstwmaz.112.2o7.net,AVAILABILITY,domains.list,domains.list,2022-04-01 07:31:22.496800,3c8658642e71672108bb308d
gntbcstwtlv.112.2o7.net,AVAILABILITY,domains.list,domains.list,2022-04-01 07:31:24.404280,3c8658642e71672108bb308d
gntbcstwtsp.112.2o7.net,AVAILABILITY,domains.list,domains.list,2022-04-01 07:31:25.910080,3c8658642e71672108bb308d
gntbcstwusa.112.2o7.net,AVAILABILITY,domains.list,domains.list,2022-04-01 07:31:29.298056,3c8658642e71672108bb308d
gntbcstwxia.112.2o7.net,AVAILABILITY,domains.list,domains.list,2022-04-01 07:31:31.699859,3c8658642e71672108bb308d
gntbcstwzzm.112.2o7.net,AVAILABILITY,domains.list,domains.list,2022-04-01 07:31:33.923397,3c8658642e71672108bb308d
goodyear.122.2o7.net,AVAILABILITY,domains.list,domains.list,2022-04-01 07:31:37.769676,3c8658642e71672108bb308d
gourmetgiftbaskets.112.2o7.net,AVAILABILITY,domains.list,domains.list,2022-04-01 07:31:41.035866,3c8658642e71672108bb308d
gpapercareer.112.2o7.net,AVAILABILITY,domains.list,domains.list,2022-04-01 07:31:44.740789,3c8658642e71672108bb308d
gpapermom104.112.2o7.net,AVAILABILITY,domains.list,domains.list,2022-04-01 07:31:48.312600,3c8658642e71672108bb308d
grunerandjahr.112.2o7.net,AVAILABILITY,domains.list,domains.list,2022-04-01 07:31:51.416972,3c8658642e71672108bb308d
gsicpbs.112.2o7.net,AVAILABILITY,domains.list,domains.list,2022-04-01 07:31:53.858168,3c8658642e71672108bb308d
guj.122.2o7.net,AVAILABILITY,domains.list,domains.list,2022-04-01 07:31:56.884747,3c8658642e71672108bb308d
guthyrenker.112.2o7.net,AVAILABILITY,domains.list,domains.list,2022-04-01 07:31:59.098180,3c8658642e71672108bb308d
guthyrenker.tt.omtrdc.net,AVAILABILITY,domains.list,domains.list,2022-04-01 07:32:03.162069,3c8658642e71672108bb308d
hallmarkibmcom.112.2o7.net,AVAILABILITY,domains.list,domains.list,2022-04-01 07:32:06.252128,3c8658642e71672108bb308d
harconsumer.112.2o7.net,AVAILABILITY,domains.list,domains.list,2022-04-01 07:32:09.298371,3c8658642e71672108bb308d
harlandclarke.d1.sc.omtrdc.net,AVAILABILITY,domains.list,domains.list,2022-04-01 07:32:12.766654,3c8658642e71672108bb308d
harpo.122.2o7.net,AVAILABILITY,domains.list,domains.list,2022-04-01 07:32:15.929427,3c8658642e71672108bb308d
harrahs.112.2o7.net,AVAILABILITY,domains.list,domains.list,2022-04-01 07:32:17.313194,3c8658642e71672108bb308d
harrahscom.112.2o7.net,AVAILABILITY,domains.list,domains.list,2022-04-01 07:32:20.710950,3c8658642e71672108bb308d
haymarketbusinesspublications.122.2o7.net,AVAILABILITY,domains.list,domains.list,2022-04-01 07:32:24.852544,3c8658642e71672108bb308d
hchrmain.112.2o7.net,AVAILABILITY,domains.list,domains.list,2022-04-01 07:32:28.560063,3c8658642e71672108bb308d
healthgrades.112.2o7.net,AVAILABILITY,domains.list,domains.list,2022-04-01 07:32:33.439683,3c8658642e71672108bb308d
healthination.122.2o7.net,AVAILABILITY,domains.list,domains.list,2022-04-01 07:32:39.022456,3c8658642e71672108bb308d
hearstdigital.122.2o7.net,AVAILABILITY,domains.list,domains.list,2022-04-01 07:32:45.104857,3c8658642e71672108bb308d
hearstmagazines.112.2o7.net,AVAILABILITY,domains.list,domains.list,2022-04-01 07:32:49.302800,3c8658642e71672108bb308d
hearstugo.112.2o7.net,AVAILABILITY,domains.list,domains.list,2022-04-01 07:32:52.599179,3c8658642e71672108bb308d
heartbeats.omtrdc.net,AVAILABILITY,domains.list,domains.list,2022-04-01 07:32:58.039136,3c8658642e71672108bb308d
heavycom.122.2o7.net,AVAILABILITY,domains.list,domains.list,2022-04-01 07:33:01.089391,3c8658642e71672108bb308d
hertz.122.2o7.net,AVAILABILITY,domains.list,domains.list,2022-04-01 07:33:05.564885,3c8658642e71672108bb308d
hickoryfarms.112.2o7.net,AVAILABILITY,domains.list,domains.list,2022-04-01 07:33:09.469016,3c8658642e71672108bb308d
highbeam.122.2o7.net,AVAILABILITY,domains.list,domains.list,2022-04-01 07:33:11.725796,3c8658642e71672108bb308d
himedia.112.2o7.net,AVAILABILITY,domains.list,domains.list,2022-04-01 07:33:15.582493,3c8658642e71672108bb308d
his.112.2o7.net,AVAILABILITY,domains.list,domains.list,2022-04-01 07:33:19.403072,3c8658642e71672108bb308d
hisnakiamotors.122.2o7.net,AVAILABILITY,domains.list,domains.list,2022-04-01 07:33:22.935964,3c8658642e71672108bb308d
hm.d1.sc.omtrdc.net,AVAILABILITY,domains.list,domains.list,2022-04-01 07:33:26.209803,3c8658642e71672108bb308d
hollywood.122.2o7.net,AVAILABILITY,domains.list,domains.list,2022-04-01 07:33:29.456945,3c8658642e71672108bb308d
homepjlconline.com.112.2o7.net,AVAILABILITY,domains.list,domains.list,2022-04-01 07:33:32.936639,3c8658642e71672108bb308d
homepproav.112.2o7.net,AVAILABILITY,domains.list,domains.list,2022-04-01 07:33:36.670872,3c8658642e71672108bb308d
homesteadtechnologies.122.2o7.net,AVAILABILITY,domains.list,domains.list,2022-04-01 07:33:40.407017,3c8658642e71672108bb308d
homestore.122.2o7.net,AVAILABILITY,domains.list,domains.list,2022-04-01 07:33:44.040127,3c8658642e71672108bb308d
hotelscom.122.2o7.net,AVAILABILITY,domains.list,domains.list,2022-04-01 07:33:46.573363,3c8658642e71672108bb308d
hphqglobal.112.2o7.net,AVAILABILITY,domains.list,domains.list,2022-04-01 07:33:50.020932,3c8658642e71672108bb308d
hswmedia.122.2o7.net,AVAILABILITY,domains.list,domains.list,2022-04-01 07:33:54.045304,3c8658642e71672108bb308d
hulu.112.2o7.net,AVAILABILITY,domains.list,domains.list,2022-04-01 07:33:58.896418,3c8658642e71672108bb308d
huludev.112.2o7.net,AVAILABILITY,domains.list,domains.list,2022-04-01 07:34:01.479754,3c8658642e71672108bb308d
hyperlinktech.122.2o7.net,AVAILABILITY,domains.list,domains.list,2022-04-01 07:34:04.953864,3c8658642e71672108bb308d
ibibo.112.2o7.net,AVAILABILITY,domains.list,domains.list,2022-04-01 07:34:07.366681,3c8658642e71672108bb308d
ice.112.2o7.net,AVAILABILITY,domains.list,domains.list,2022-04-01 07:34:09.323973,3c8658642e71672108bb308d
iconhealthfitness.tt.omtrdc.net,AVAILABILITY,domains.list,domains.list,2022-04-01 07:34:10.793739,3c8658642e71672108bb308d
idgenterprise.112.2o7.net,AVAILABILITY,domains.list,domains.list,2022-04-01 07:34:13.202251,3c8658642e71672108bb308d
idgenterprise.d1.sc.omtrdc.net,AVAILABILITY,domains.list,domains.list,2022-04-01 07:34:15.978644,3c8658642e71672108bb308d
ihc.112.2o7.net,AVAILABILITY,domains.list,domains.list,2022-04-01 07:34:19.216884,3c8658642e71672108bb308d
imc2.122.2o7.net,AVAILABILITY,domains.list,domains.list,2022-04-01 07:34:21.471438,3c8658642e71672108bb308d
imeem.112.2o7.net,AVAILABILITY,domains.list,domains.list,2022-04-01 07:34:26.008678,3c8658642e71672108bb308d
imiliving.122.2o7.net,AVAILABILITY,domains.list,domains.list,2022-04-01 07:34:29.257973,3c8658642e71672108bb308d
incisivemedia.112.2o7.net,AVAILABILITY,domains.list,domains.list,2022-04-01 07:34:31.650938,3c8658642e71672108bb308d
independentdigital.d3.sc.omtrdc.net,AVAILABILITY,domains.list,domains.list,2022-04-01 07:34:35.083804,3c8658642e71672108bb308d
indigio.122.2o7.net,AVAILABILITY,domains.list,domains.list,2022-04-01 07:34:37.391327,3c8658642e71672108bb308d
infoworldmediagroup.112.2o7.net,AVAILABILITY,domains.list,domains.list,2022-04-01 07:34:40.216338,3c8658642e71672108bb308d
infrastrategy.122.2o7.net,AVAILABILITY,domains.list,domains.list,2022-04-01 07:34:43.109644,3c8658642e71672108bb308d
infratotalduicom.122.2o7.net,AVAILABILITY,domains.list,domains.list,2022-04-01 07:34:47.260046,3c8658642e71672108bb308d
insiderpagescom.122.2o7.net,AVAILABILITY,domains.list,domains.list,2022-04-01 07:34:52.573181,3c8658642e71672108bb308d
insightenterprises.tt.omtrdc.net,AVAILABILITY,domains.list,domains.list,2022-04-01 07:34:56.094630,3c8658642e71672108bb308d
instadia.112.2o7.net,AVAILABILITY,domains.list,domains.list,2022-04-01 07:35:00.028266,3c8658642e71672108bb308d
intelcorpchan.112.2o7.net,AVAILABILITY,domains.list,domains.list,2022-04-01 07:35:04.686146,3c8658642e71672108bb308d
intelcorperror.112.2o7.net,AVAILABILITY,domains.list,domains.list,2022-04-01 07:35:12.759672,3c8658642e71672108bb308d
intelcorpsupp.112.2o7.net,AVAILABILITY,domains.list,domains.list,2022-04-01 07:35:16.863532,3c8658642e71672108bb308d
interchangecorporation.122.2o7.net,AVAILABILITY,domains.list,domains.list,2022-04-01 07:35:22.152117,3c8658642e71672108bb308d
interland.122.2o7.net,AVAILABILITY,domains.list,domains.list,2022-04-01 07:35:26.971165,3c8658642e71672108bb308d
internetretailer.d2.sc.omtrdc.net,AVAILABILITY,domains.list,domains.list,2022-04-01 07:35:31.471617,3c8658642e71672108bb308d
intouchsolutions.112.2o7.net,AVAILABILITY,domains.list,domains.list,2022-04-01 07:35:34.754164,3c8658642e71672108bb308d
intuitinc.122.2o7.net,AVAILABILITY,domains.list,domains.list,2022-04-01 07:35:38.550198,3c8658642e71672108bb308d
iodatadevice.d2.sc.omtrdc.net,AVAILABILITY,domains.list,domains.list,2022-04-01 07:35:40.705903,3c8658642e71672108bb308d
ipcmarieclaireprod.122.2o7.net,AVAILABILITY,domains.list,domains.list,2022-04-01 07:35:45.210856,3c8658642e71672108bb308d
ipcmedia.122.2o7.net,AVAILABILITY,domains.list,domains.list,2022-04-01 07:35:48.056500,3c8658642e71672108bb308d
ipcnowprod.122.2o7.net,AVAILABILITY,domains.list,domains.list,2022-04-01 07:35:52.828839,3c8658642e71672108bb308d
ipcuncut.122.2o7.net,AVAILABILITY,domains.list,domains.list,2022-04-01 07:35:56.305670,3c8658642e71672108bb308d
ipcwebuserprod.122.2o7.net,AVAILABILITY,domains.list,domains.list,2022-04-01 07:36:00.088717,3c8658642e71672108bb308d
ipcyachtingworldprod.122.2o7.net,AVAILABILITY,domains.list,domains.list,2022-04-01 07:36:02.901106,3c8658642e71672108bb308d
iqdigitalmediamarketinggmbh.sc.omtrdc.net,AVAILABILITY,domains.list,domains.list,2022-04-01 07:36:04.769547,3c8658642e71672108bb308d
isaca.sc.omtrdc.net,AVAILABILITY,domains.list,domains.list,2022-04-01 07:36:09.145621,3c8658642e71672108bb308d
isaca.tt.omtrdc.net,AVAILABILITY,domains.list,domains.list,2022-04-01 07:36:13.932762,3c8658642e71672108bb308d
itmedia.122.2o7.net,AVAILABILITY,domains.list,domains.list,2022-04-01 07:36:16.779986,3c8658642e71672108bb308d
itv.112.2o7.net,AVAILABILITY,domains.list,domains.list,2022-04-01 07:36:20.101509,3c8658642e71672108bb308d
iusacomlive.112.2o7.net,AVAILABILITY,domains.list,domains.list,2022-04-01 07:36:24.231938,3c8658642e71672108bb308d
ivillageglobal.112.2o7.net,AVAILABILITY,domains.list,domains.list,2022-04-01 07:36:29.034772,3c8658642e71672108bb308d
jaccs.122.2o7.net,AVAILABILITY,domains.list,domains.list,2022-04-01 07:36:33.426177,3c8658642e71672108bb308d
jackpot.112.2o7.net,AVAILABILITY,domains.list,domains.list,2022-04-01 07:36:37.281686,3c8658642e71672108bb308d
jade853gmbh.tt.omtrdc.net,AVAILABILITY,domains.list,domains.list,2022-04-01 07:36:41.183752,3c8658642e71672108bb308d
jamecoelectronics.sc.omtrdc.net,AVAILABILITY,domains.list,domains.list,2022-04-01 07:36:45.311450,3c8658642e71672108bb308d
jcb.sc.omtrdc.net,AVAILABILITY,domains.list,domains.list,2022-04-01 07:36:50.040654,3c8658642e71672108bb308d
jcb.tt.omtrdc.net,AVAILABILITY,domains.list,domains.list,2022-04-01 07:36:55.505167,3c8658642e71672108bb308d
jcom.122.2o7.net,AVAILABILITY,domains.list,domains.list,2022-04-01 07:36:59.810315,3c8658642e71672108bb308d
jcrewcom.112.2o7.net,AVAILABILITY,domains.list,domains.list,2022-04-01 07:37:03.163534,3c8658642e71672108bb308d
jcwhitney.112.2o7.net,AVAILABILITY,domains.list,domains.list,2022-04-01 07:37:06.235219,3c8658642e71672108bb308d
jennycraig.112.2o7.net,AVAILABILITY,domains.list,domains.list,2022-04-01 07:37:11.153487,3c8658642e71672108bb308d
jetbluecom2.112.2o7.net,AVAILABILITY,domains.list,domains.list,2022-04-01 07:37:14.553924,3c8658642e71672108bb308d
jetbluepkgcs.112.2o7.net,AVAILABILITY,domains.list,domains.list,2022-04-01 07:37:16.762495,3c8658642e71672108bb308d
jijsonline.112.2o7.net,AVAILABILITY,domains.list,domains.list,2022-04-01 07:37:22.459186,3c8658642e71672108bb308d
jijsonline.122.2o7.net,AVAILABILITY,domains.list,domains.list,2022-04-01 07:37:24.944278,3c8658642e71672108bb308d
jiktnv.122.2o7.net,AVAILABILITY,domains.list,domains.list,2022-04-01 07:37:29.444790,3c8658642e71672108bb308d
jiwire.112.2o7.net,AVAILABILITY,domains.list,domains.list,2022-04-01 07:37:33.257357,3c8658642e71672108bb308d
jiwtmj.122.2o7.net,AVAILABILITY,domains.list,domains.list,2022-04-01 07:37:35.987751,3c8658642e71672108bb308d
jmsyap.112.2o7.net,AVAILABILITY,domains.list,domains.list,2022-04-01 07:37:40.632403,3c8658642e71672108bb308d
joelosteenministries.112.2o7.net,AVAILABILITY,domains.list,domains.list,2022-04-01 07:37:44.736645,3c8658642e71672108bb308d
joelosteenministries.tt.omtrdc.net,AVAILABILITY,domains.list,domains.list,2022-04-01 07:37:49.310657,3c8658642e71672108bb308d
johnlewis.112.2o7.net,AVAILABILITY,domains.list,domains.list,2022-04-01 07:37:51.607877,3c8658642e71672108bb308d
journalregistercompany.122.2o7.net,AVAILABILITY,domains.list,domains.list,2022-04-01 07:37:56.317187,3c8658642e71672108bb308d
jrcdelcotimescom.122.2o7.net,AVAILABILITY,domains.list,domains.list,2022-04-01 07:37:59.618415,3c8658642e71672108bb308d
jrcom.112.2o7.net,AVAILABILITY,domains.list,domains.list,2022-04-01 07:38:05.694991,3c8658642e71672108bb308d
jtt.sc.omtrdc.net,AVAILABILITY,domains.list,domains.list,2022-04-01 07:38:14.536854,3c8658642e71672108bb308d
jtt.tt.omtrdc.net,AVAILABILITY,domains.list,domains.list,2022-04-01 07:38:23.357987,3c8658642e71672108bb308d
kaboose.112.2o7.net,AVAILABILITY,domains.list,domains.list,2022-04-01 07:38:27.722340,3c8658642e71672108bb308d
kaspersky.d3.sc.omtrdc.net,AVAILABILITY,domains.list,domains.list,2022-04-01 07:38:36.222856,3c8658642e71672108bb308d
kbbmain.112.2o7.net,AVAILABILITY,domains.list,domains.list,2022-04-01 07:38:40.373239,3c8658642e71672108bb308d
kelleybluebook.112.2o7.net,AVAILABILITY,domains.list,domains.list,2022-04-01 07:38:45.010717,3c8658642e71672108bb308d
kerplat.112.2o7.net,AVAILABILITY,domains.list,domains.list,2022-04-01 07:38:47.745233,3c8658642e71672108bb308d
keybank.112.2o7.net,AVAILABILITY,domains.list,domains.list,2022-04-01 07:38:51.961055,3c8658642e71672108bb308d
kiplinger.112.2o7.net,AVAILABILITY,domains.list,domains.list,2022-04-01 07:38:56.110027,3c8658642e71672108bb308d
konicaminoltahd.122.2o7.net,AVAILABILITY,domains.list,domains.list,2022-04-01 07:39:00.930659,3c8658642e71672108bb308d
kopticom.122.2o7.net,AVAILABILITY,domains.list,domains.list,2022-04-01 07:39:06.190791,3c8658642e71672108bb308d
lab88inc.112.2o7.net,AVAILABILITY,domains.list,domains.list,2022-04-01 07:39:11.320147,3c8658642e71672108bb308d
lakeshore.d1.sc.omtrdc.net,AVAILABILITY,domains.list,domains.list,2022-04-01 07:39:16.161510,3c8658642e71672108bb308d
landolakescomprod.112.2o7.net,AVAILABILITY,domains.list,domains.list,2022-04-01 07:39:20.788745,3c8658642e71672108bb308d
landsend.112.2o7.net,AVAILABILITY,domains.list,domains.list,2022-04-01 07:39:22.469447,3c8658642e71672108bb308d
laptopmag.122.2o7.net,AVAILABILITY,domains.list,domains.list,2022-04-01 07:39:25.972830,3c8658642e71672108bb308d
lastminengb.112.2o7.net,AVAILABILITY,domains.list,domains.list,2022-04-01 07:39:29.129942,3c8658642e71672108bb308d
laxnws.112.2o7.net,AVAILABILITY,domains.list,domains.list,2022-04-01 07:39:31.249824,3c8658642e71672108bb308d
laxprs.112.2o7.net,AVAILABILITY,domains.list,domains.list,2022-04-01 07:39:35.410562,3c8658642e71672108bb308d
laxpsd.112.2o7.net,AVAILABILITY,domains.list,domains.list,2022-04-01 07:39:37.453936,3c8658642e71672108bb308d
laxtrb.112.2o7.net,AVAILABILITY,domains.list,domains.list,2022-04-01 07:39:41.768595,3c8658642e71672108bb308d
laxwht.112.2o7.net,AVAILABILITY,domains.list,domains.list,2022-04-01 07:39:46.003851,3c8658642e71672108bb308d
laxwht.122.2o7.net,AVAILABILITY,domains.list,domains.list,2022-04-01 07:39:51.402421,3c8658642e71672108bb308d
ldschurch.tt.omtrdc.net,AVAILABILITY,domains.list,domains.list,2022-04-01 07:39:54.355663,3c8658642e71672108bb308d
leaitworldprod.112.2o7.net,AVAILABILITY,domains.list,domains.list,2022-04-01 07:39:57.783172,3c8658642e71672108bb308d
leeenterprises.112.2o7.net,AVAILABILITY,domains.list,domains.list,2022-04-01 07:40:00.122053,3c8658642e71672108bb308d
legalzoom.tt.omtrdc.net,AVAILABILITY,domains.list,domains.list,2022-04-01 07:40:11.059100,3c8658642e71672108bb308d
lenovoappssystemupdateprod.112.2o7.net,AVAILABILITY,domains.list,domains.list,2022-04-01 07:40:16.406244,3c8658642e71672108bb308d
lenovosimpletapdev.112.2o7.net,AVAILABILITY,domains.list,domains.list,2022-04-01 07:40:18.946866,3c8658642e71672108bb308d
leveragemarketing.112.2o7.net,AVAILABILITY,domains.list,domains.list,2022-04-01 07:40:22.656334,3c8658642e71672108bb308d
lgelectronics.122.2o7.net,AVAILABILITY,domains.list,domains.list,2022-04-01 07:40:26.461326,3c8658642e71672108bb308d
libertyglobalpaneu.tt.omtrdc.net,AVAILABILITY,domains.list,domains.list,2022-04-01 07:40:28.749461,3c8658642e71672108bb308d
lintv.122.2o7.net,AVAILABILITY,domains.list,domains.list,2022-04-01 07:40:32.839632,3c8658642e71672108bb308d
livedealcom.112.2o7.net,AVAILABILITY,domains.list,domains.list,2022-04-01 07:40:35.895163,3c8658642e71672108bb308d
livenation.122.2o7.net,AVAILABILITY,domains.list,domains.list,2022-04-01 07:40:37.663259,3c8658642e71672108bb308d
logitechlogitechglobal.112.2o7.net,AVAILABILITY,domains.list,domains.list,2022-04-01 07:40:40.300500,3c8658642e71672108bb308d
lowes.tt.omtrdc.net,AVAILABILITY,domains.list,domains.list,2022-04-01 07:40:42.746744,3c8658642e71672108bb308d
lucent.122.2o7.net,AVAILABILITY,domains.list,domains.list,2022-04-01 07:40:45.599604,3c8658642e71672108bb308d
mailtribunecom.112.2o7.net,AVAILABILITY,domains.list,domains.list,2022-04-01 07:40:47.914970,3c8658642e71672108bb308d
makemytrip.tt.omtrdc.net,AVAILABILITY,domains.list,domains.list,2022-04-01 07:40:51.774948,3c8658642e71672108bb308d
mapscom2.112.2o7.net,AVAILABILITY,domains.list,domains.list,2022-04-01 07:40:54.891383,3c8658642e71672108bb308d
marchofdimes.d2.sc.omtrdc.net,AVAILABILITY,domains.list,domains.list,2022-04-01 07:40:56.874221,3c8658642e71672108bb308d
marinermarketing.112.2o7.net,AVAILABILITY,domains.list,domains.list,2022-04-01 07:41:00.094865,3c8658642e71672108bb308d
marketlive.122.2o7.net,AVAILABILITY,domains.list,domains.list,2022-04-01 07:41:08.613062,3c8658642e71672108bb308d
marketworksinc.122.2o7.net,AVAILABILITY,domains.list,domains.list,2022-04-01 07:41:11.613948,3c8658642e71672108bb308d
marksandspencer.122.2o7.net,AVAILABILITY,domains.list,domains.list,2022-04-01 07:41:13.775960,3c8658642e71672108bb308d
marriottinternationa.tt.omtrdc.net,AVAILABILITY,domains.list,domains.list,2022-04-01 07:41:17.674544,3c8658642e71672108bb308d
mashable.d2.sc.omtrdc.net,AVAILABILITY,domains.list,domains.list,2022-04-01 07:41:20.548328,3c8658642e71672108bb308d
mattressusa.122.2o7.net,AVAILABILITY,domains.list,domains.list,2022-04-01 07:41:24.451414,3c8658642e71672108bb308d
maxim.122.2o7.net,AVAILABILITY,domains.list,domains.list,2022-04-01 07:41:32.414220,3c8658642e71672108bb308d
mcafee12.tt.omtrdc.net,AVAILABILITY,domains.list,domains.list,2022-04-01 07:41:37.628913,3c8658642e71672108bb308d
mcclatchy.112.2o7.net,AVAILABILITY,domains.list,domains.list,2022-04-01 07:41:40.510053,3c8658642e71672108bb308d
mcdonaldscorporation.sc.omtrdc.net,AVAILABILITY,domains.list,domains.list,2022-04-01 07:41:45.671692,3c8658642e71672108bb308d
mcdonaldscorporation.tt.omtrdc.net,AVAILABILITY,domains.list,domains.list,2022-04-01 07:41:47.926910,3c8658642e71672108bb308d
mckinseyknowledge.122.2o7.net,AVAILABILITY,domains.list,domains.list,2022-04-01 07:41:50.546466,3c8658642e71672108bb308d
mdjacksonville.112.2o7.net,AVAILABILITY,domains.list,domains.list,2022-04-01 07:41:55.247816,3c8658642e71672108bb308d
mdpparents.112.2o7.net,AVAILABILITY,domains.list,domains.list,2022-04-01 07:41:57.890927,3c8658642e71672108bb308d
mdstaugustine.112.2o7.net,AVAILABILITY,domains.list,domains.list,2022-04-01 07:42:02.266912,3c8658642e71672108bb308d
mdwathens.112.2o7.net,AVAILABILITY,domains.list,domains.list,2022-04-01 07:42:05.121265,3c8658642e71672108bb308d
mdwaugusta.112.2o7.net,AVAILABILITY,domains.list,domains.list,2022-04-01 07:42:10.941643,3c8658642e71672108bb308d
mdwjuneau.112.2o7.net,AVAILABILITY,domains.list,domains.list,2022-04-01 07:42:16.225798,3c8658642e71672108bb308d
mdwoakridge.112.2o7.net,AVAILABILITY,domains.list,domains.list,2022-04-01 07:42:21.596666,3c8658642e71672108bb308d
mdwsavannah.112.2o7.net,AVAILABILITY,domains.list,domains.list,2022-04-01 07:42:27.608273,3c8658642e71672108bb308d
mdwskirt.112.2o7.net,AVAILABILITY,domains.list,domains.list,2022-04-01 07:42:30.475683,3c8658642e71672108bb308d
medhelpinternational.112.2o7.net,AVAILABILITY,domains.list,domains.list,2022-04-01 07:42:35.490583,3c8658642e71672108bb308d
